Etapa,Tempo Gasto (min),Tempo Esperado (min),Diferença de Tempo,Status
de construção do relatório,45.0,60,-15.0,Verde
de construção do relatório,45.0,60,-15.0,Verde
de construção do relatório,45.0,60,-15.0,Verde
de construção do relatório,45.0,60,-15.0,Verde
de construção do relatório,0,60,-60,Verde
de construção do relatório,45.0,60,-15.0,Verde
de construção do relatório,45.0,60,-15.0,Verde
de construção do relatório,0,60,-60,Verde
de construção do relatório,45.0,60,-15.0,Verde
de construção do relatório,45.0,60,-15.0,Verde
